CustomerID,Country,Product,Category,Quantity,UnitPrice,InvoiceDate
CUST052,Canada,Product_15,Home,8,61,2025-07-24 16:38:42.898746
CUST083,Japan,Product_11,Home,24,100,2023-10-20 16:38:42.898746
CUST003,Australia,Product_2,Toys,44,30,2024-07-24 16:38:42.898746
CUST064,France,Product_1,Toys,22,89,2024-01-31 16:38:42.898746
CUST091,Germany,Product_10,Toys,28,60,2025-02-05 16:38:42.898746
CUST062,Japan,Product_19,Toys,3,51,2023-11-06 16:38:42.898746
CUST021,USA,Product_7,Clothing,4,89,2024-10-02 16:38:42.898746
CUST014,UK,Product_9,Clothing,2,84,2025-05-14 16:38:42.898746
CUST060,Japan,Product_12,Electronics,8,47,2025-07-10 16:38:42.898746
CUST078,USA,Product_4,Clothing,40,4,2025-08-12 16:38:42.898746
CUST006,Australia,Product_10,Toys,29,63,2024-07-08 16:38:42.899755
CUST090,France,Product_2,Clothing,36,14,2024-11-16 16:38:42.899755
CUST072,Australia,Product_8,Electronics,16,82,2025-06-22 16:38:42.899755
CUST024,UK,Product_13,Electronics,29,15,2025-06-10 16:38:42.899755
CUST089,Japan,Product_9,Toys,1,8,2024-04-29 16:38:42.899755
CUST063,Germany,Product_19,Electronics,8,35,2024-06-21 16:38:42.899755
CUST033,Germany,Product_5,Clothing,39,41,2025-07-17 16:38:42.899755
CUST007,USA,Product_8,Toys,34,33,2025-06-27 16:38:42.899755
CUST023,Australia,Product_5,Home,44,86,2024-02-14 16:38:42.899755
CUST065,Germany,Product_5,Home,14,3,2025-08-09 16:38:42.899755
CUST090,Japan,Product_14,Home,27,9,2025-01-19 16:38:42.899755
CUST015,UK,Product_10,Toys,13,51,2024-01-17 16:38:42.899755
CUST096,Japan,Product_17,Toys,32,4,2024-04-16 16:38:42.899755
CUST023,Japan,Product_13,Home,43,29,2025-07-09 16:38:42.901261
CUST013,Brazil,Product_7,Home,22,28,2024-01-14 16:38:42.901261
CUST042,Canada,Product_6,Toys,28,44,2024-09-08 16:38:42.901261
CUST030,Australia,Product_11,Toys,28,89,2024-12-26 16:38:42.901261
CUST062,USA,Product_1,Electronics,27,62,2023-11-20 16:38:42.901261
CUST077,USA,Product_3,Home,6,72,2024-06-29 16:38:42.901261
CUST009,Australia,Product_5,Electronics,42,44,2023-10-20 16:38:42.901261
CUST079,Germany,Product_9,Toys,49,62,2024-04-04 16:38:42.901261
CUST058,France,Product_12,Clothing,39,2,2024-07-23 16:38:42.901261
CUST056,USA,Product_17,Clothing,2,92,2024-01-26 16:38:42.901261
CUST087,Canada,Product_1,Electronics,19,2,2025-06-22 16:38:42.901261
CUST044,UK,Product_6,Toys,4,55,2025-01-23 16:38:42.901261
CUST056,Germany,Product_17,Home,38,24,2023-12-13 16:38:42.902267
CUST070,Australia,Product_11,Home,48,16,2023-12-14 16:38:42.902267
CUST073,France,Product_6,Toys,29,3,2023-10-24 16:38:42.902267
CUST059,France,Product_19,Clothing,3,19,2025-03-19 16:38:42.902267
CUST096,Japan,Product_20,Electronics,33,40,2023-11-13 16:38:42.902267
CUST039,UK,Product_8,Electronics,11,92,2024-04-28 16:38:42.902267
CUST050,Japan,Product_10,Home,7,16,2024-09-02 16:38:42.902267
CUST060,USA,Product_2,Electronics,48,12,2024-05-18 16:38:42.902267
CUST037,Brazil,Product_9,Electronics,35,19,2025-01-18 16:38:42.902267
CUST003,France,Product_1,Toys,11,72,2024-06-20 16:38:42.902267
CUST038,Brazil,Product_20,Clothing,35,89,2025-05-07 16:38:42.902267
CUST025,Canada,Product_18,Toys,46,82,2023-09-08 16:38:42.902267
CUST054,Germany,Product_16,Electronics,41,100,2025-03-06 16:38:42.903265
CUST068,USA,Product_14,Electronics,48,20,2024-03-28 16:38:42.903265
CUST008,Japan,Product_3,Electronics,33,48,2024-05-11 16:38:42.903265
CUST059,Germany,Product_14,Clothing,38,51,2024-06-02 16:38:42.903265
CUST008,Germany,Product_2,Electronics,30,97,2024-11-03 16:38:42.903265
CUST064,USA,Product_5,Toys,48,19,2024-03-16 16:38:42.903265
CUST035,Brazil,Product_17,Toys,17,44,2025-01-06 16:38:42.903265
CUST030,Canada,Product_14,Electronics,6,99,2025-07-08 16:38:42.903265
CUST024,Canada,Product_17,Clothing,31,99,2023-09-14 16:38:42.903265
CUST097,France,Product_1,Toys,3,18,2024-01-26 16:38:42.903265
CUST058,Germany,Product_8,Clothing,24,32,2023-10-21 16:38:42.904265
CUST066,Japan,Product_10,Clothing,26,17,2025-05-02 16:38:42.904265
CUST033,USA,Product_11,Clothing,48,39,2024-04-24 16:38:42.904265
CUST042,Japan,Product_3,Clothing,25,24,2024-03-07 16:38:42.904265
CUST060,UK,Product_7,Electronics,36,45,2025-07-25 16:38:42.904265
CUST065,Brazil,Product_14,Toys,14,76,2024-04-30 16:38:42.904265
CUST015,France,Product_2,Clothing,32,87,2025-06-24 16:38:42.904265
CUST025,UK,Product_17,Toys,42,70,2025-06-21 16:38:42.904265
CUST060,Canada,Product_1,Toys,44,5,2025-05-03 16:38:42.905270
CUST068,Australia,Product_13,Toys,30,47,2023-10-28 16:38:42.906271
CUST013,UK,Product_10,Clothing,19,17,2025-04-16 16:38:42.906271
CUST063,Germany,Product_5,Clothing,23,9,2023-11-12 16:38:42.906271
CUST058,UK,Product_1,Home,34,96,2023-11-15 16:38:42.906271
CUST048,USA,Product_8,Electronics,1,16,2025-02-06 16:38:42.906271
CUST064,Japan,Product_5,Clothing,29,67,2025-05-30 16:38:42.906271
CUST026,Brazil,Product_19,Electronics,22,57,2024-11-02 16:38:42.906271
CUST078,France,Product_5,Home,49,94,2024-05-18 16:38:42.907266
CUST076,Brazil,Product_16,Electronics,39,100,2024-10-29 16:38:42.907266
CUST094,Canada,Product_10,Clothing,5,100,2025-02-15 16:38:42.907266
CUST095,UK,Product_19,Clothing,32,1,2024-09-23 16:38:42.907266
CUST004,Brazil,Product_16,Home,2,92,2025-03-07 16:38:42.907266
CUST091,France,Product_12,Clothing,35,33,2023-09-23 16:38:42.907266
CUST043,Canada,Product_12,Home,1,33,2025-02-27 16:38:42.907266
CUST074,Germany,Product_12,Electronics,13,12,2023-12-16 16:38:42.908269
CUST046,UK,Product_19,Clothing,35,87,2025-05-16 16:38:42.908269
CUST008,Canada,Product_10,Clothing,34,7,2025-01-30 16:38:42.908269
CUST058,Canada,Product_18,Electronics,11,29,2024-08-03 16:38:42.908269
CUST036,USA,Product_4,Clothing,37,73,2025-02-03 16:38:42.908269
CUST099,USA,Product_3,Toys,36,82,2025-05-10 16:38:42.908269
CUST024,Japan,Product_5,Toys,49,55,2024-03-07 16:38:42.909272
CUST023,USA,Product_3,Electronics,30,17,2025-06-13 16:38:42.909272
CUST084,Brazil,Product_13,Home,19,49,2023-12-11 16:38:42.909272
CUST012,Canada,Product_9,Home,12,9,2024-05-16 16:38:42.909272
CUST028,Australia,Product_20,Home,47,16,2025-06-06 16:38:42.909272
CUST099,France,Product_20,Home,21,100,2024-01-27 16:38:42.909272
CUST023,Brazil,Product_7,Electronics,42,58,2024-07-12 16:38:42.910271
CUST095,UK,Product_5,Home,23,93,2024-12-22 16:38:42.910271
CUST075,UK,Product_15,Toys,9,74,2024-04-09 16:38:42.910271
CUST017,Canada,Product_6,Home,46,13,2025-02-27 16:38:42.910271
CUST042,USA,Product_18,Home,2,5,2025-07-16 16:38:42.910271
CUST037,Australia,Product_19,Toys,48,65,2024-09-06 16:38:42.910271
CUST017,Japan,Product_7,Electronics,45,4,2025-06-05 16:38:42.910271
CUST031,Germany,Product_12,Clothing,39,91,2023-08-31 16:38:42.911270
CUST090,Germany,Product_7,Clothing,3,45,2023-10-31 16:38:42.911270
CUST092,Australia,Product_20,Toys,8,61,2024-08-18 16:38:42.911270
CUST039,USA,Product_3,Electronics,28,62,2024-03-27 16:38:42.911777
CUST063,France,Product_17,Electronics,33,38,2025-04-19 16:38:42.911777
CUST006,UK,Product_12,Electronics,32,45,2025-03-18 16:38:42.911777
CUST080,Australia,Product_11,Toys,37,36,2024-12-30 16:38:42.911777
CUST019,France,Product_18,Home,41,49,2024-03-06 16:38:42.911777
CUST015,Japan,Product_1,Electronics,3,16,2024-04-30 16:38:42.911777
CUST057,Germany,Product_12,Clothing,32,16,2024-08-21 16:38:42.912785
CUST076,Brazil,Product_8,Clothing,28,36,2025-05-16 16:38:42.912785
CUST008,UK,Product_18,Toys,28,41,2023-09-10 16:38:42.912785
CUST027,Australia,Product_17,Electronics,33,84,2024-05-10 16:38:42.912785
CUST092,Brazil,Product_13,Clothing,35,6,2023-12-29 16:38:42.912785
CUST069,Japan,Product_2,Clothing,30,5,2025-04-17 16:38:42.912785
CUST033,Australia,Product_1,Clothing,32,49,2024-11-05 16:38:42.912785
CUST063,USA,Product_17,Electronics,33,98,2025-05-01 16:38:42.912785
CUST099,Japan,Product_1,Electronics,48,55,2024-03-14 16:38:42.912785
CUST092,USA,Product_5,Home,5,3,2024-06-03 16:38:42.912785
CUST023,Canada,Product_5,Clothing,10,83,2025-03-22 16:38:42.913792
CUST085,Australia,Product_9,Clothing,1,51,2023-09-29 16:38:42.913792
CUST077,France,Product_1,Electronics,40,32,2025-07-11 16:38:42.913792
CUST092,Japan,Product_8,Home,26,34,2024-06-02 16:38:42.913792
CUST003,Germany,Product_18,Toys,1,54,2024-12-21 16:38:42.913792
CUST005,Australia,Product_17,Toys,47,23,2025-01-19 16:38:42.913792
CUST085,Australia,Product_2,Home,39,38,2023-09-10 16:38:42.913792
CUST098,Australia,Product_18,Clothing,18,30,2024-09-13 16:38:42.913792
CUST091,Germany,Product_2,Toys,38,97,2024-09-13 16:38:42.913792
CUST030,Japan,Product_10,Home,17,5,2025-03-29 16:38:42.914796
CUST056,USA,Product_10,Electronics,20,88,2025-06-06 16:38:42.914796
CUST034,Australia,Product_2,Electronics,43,43,2025-04-25 16:38:42.914796
CUST023,Japan,Product_16,Home,11,16,2024-03-12 16:38:42.914796
CUST004,Brazil,Product_4,Toys,25,67,2025-01-31 16:38:42.914796
CUST027,Canada,Product_18,Electronics,19,21,2025-08-09 16:38:42.914796
CUST082,France,Product_10,Electronics,22,21,2024-03-19 16:38:42.914796
CUST005,USA,Product_12,Clothing,46,34,2025-05-28 16:38:42.914796
CUST090,Canada,Product_9,Clothing,47,86,2024-12-18 16:38:42.915793
CUST056,Australia,Product_11,Home,48,61,2024-09-11 16:38:42.915793
CUST026,France,Product_1,Toys,49,99,2024-12-04 16:38:42.915793
CUST052,Japan,Product_15,Home,22,14,2024-04-27 16:38:42.915793
CUST028,Japan,Product_14,Toys,2,26,2024-03-06 16:38:42.915793
CUST059,Brazil,Product_19,Home,3,23,2024-08-16 16:38:42.915793
CUST018,UK,Product_6,Home,15,64,2023-11-22 16:38:42.915793
CUST028,UK,Product_7,Electronics,17,86,2024-04-27 16:38:42.915793
CUST044,USA,Product_17,Electronics,20,25,2024-01-12 16:38:42.915793
CUST010,Germany,Product_9,Electronics,18,100,2025-04-25 16:38:42.915793
CUST086,UK,Product_15,Toys,40,83,2024-02-07 16:38:42.915793
CUST041,Canada,Product_6,Toys,26,64,2024-05-28 16:38:42.915793
CUST056,Germany,Product_13,Clothing,37,33,2024-06-03 16:38:42.915793
CUST022,Canada,Product_6,Clothing,48,4,2024-08-29 16:38:42.916793
CUST075,Australia,Product_9,Home,3,31,2025-07-05 16:38:42.916793
CUST036,Brazil,Product_6,Clothing,20,92,2025-05-31 16:38:42.916793
CUST004,Japan,Product_6,Clothing,49,94,2024-03-28 16:38:42.916793
CUST051,Australia,Product_2,Home,11,8,2025-07-19 16:38:42.916793
CUST051,Canada,Product_12,Electronics,6,26,2025-04-18 16:38:42.916793
CUST068,Germany,Product_20,Electronics,20,12,2024-02-02 16:38:42.916793
CUST001,UK,Product_14,Toys,38,37,2025-03-28 16:38:42.916793
CUST100,Canada,Product_11,Home,33,6,2023-09-24 16:38:42.916793
CUST010,Canada,Product_10,Toys,2,13,2025-02-27 16:38:42.916793
CUST002,France,Product_1,Home,37,73,2024-02-11 16:38:42.916793
CUST035,Australia,Product_17,Electronics,44,50,2024-09-14 16:38:42.917793
CUST075,USA,Product_2,Toys,35,35,2024-03-19 16:38:42.917793
CUST040,Brazil,Product_8,Home,41,14,2024-10-27 16:38:42.917793
CUST085,Canada,Product_5,Home,14,26,2024-01-18 16:38:42.917793
CUST004,USA,Product_13,Clothing,25,18,2024-10-22 16:38:42.917793
CUST072,Japan,Product_8,Clothing,32,51,2023-11-16 16:38:42.917793
CUST038,USA,Product_15,Electronics,25,17,2025-01-01 16:38:42.917793
CUST066,Australia,Product_8,Toys,39,51,2025-01-28 16:38:42.917793
CUST006,Germany,Product_7,Home,8,42,2024-05-23 16:38:42.917793
CUST015,Japan,Product_1,Toys,30,27,2024-06-20 16:38:42.917793
CUST029,Australia,Product_1,Electronics,37,27,2024-10-29 16:38:42.917793
CUST068,Australia,Product_2,Clothing,5,74,2025-04-18 16:38:42.917793
CUST038,Canada,Product_15,Toys,45,88,2023-09-18 16:38:42.917793
CUST015,Canada,Product_8,Electronics,29,47,2024-09-24 16:38:42.917793
CUST076,Canada,Product_2,Home,31,36,2024-10-26 16:38:42.917793
CUST026,Germany,Product_5,Toys,11,74,2024-02-11 16:38:42.918794
CUST006,Brazil,Product_15,Clothing,46,12,2025-01-08 16:38:42.918794
CUST013,Brazil,Product_18,Electronics,33,60,2023-10-01 16:38:42.918794
CUST076,France,Product_4,Toys,4,5,2025-04-09 16:38:42.918794
CUST092,Japan,Product_9,Clothing,29,78,2024-10-22 16:38:42.918794
CUST041,Australia,Product_11,Home,1,46,2023-12-10 16:38:42.918794
CUST021,UK,Product_14,Toys,23,57,2025-08-13 16:38:42.918794
CUST063,Australia,Product_19,Toys,15,21,2024-06-09 16:38:42.918794
CUST073,Canada,Product_9,Clothing,26,41,2024-01-17 16:38:42.918794
CUST025,UK,Product_11,Clothing,2,7,2025-01-16 16:38:42.918794
CUST091,UK,Product_17,Toys,43,59,2025-02-16 16:38:42.918794
CUST054,Brazil,Product_7,Toys,6,88,2025-03-06 16:38:42.918794
CUST049,Canada,Product_11,Clothing,26,28,2024-05-02 16:38:42.918794
CUST049,Japan,Product_17,Toys,41,49,2025-03-19 16:38:42.918794
CUST086,France,Product_8,Electronics,7,1,2025-03-26 16:38:42.918794
CUST094,Japan,Product_19,Home,19,62,2025-07-13 16:38:42.918794
CUST030,Canada,Product_17,Electronics,29,30,2025-03-23 16:38:42.918794
CUST040,Germany,Product_18,Electronics,14,47,2025-02-01 16:38:42.919994
CUST092,USA,Product_18,Clothing,38,51,2023-11-09 16:38:42.919994
CUST001,Brazil,Product_7,Home,32,10,2024-05-13 16:38:42.919994
CUST083,Australia,Product_2,Toys,33,87,2025-06-20 16:38:42.919994
CUST092,Brazil,Product_18,Home,29,8,2024-10-05 16:38:42.919994
CUST067,Brazil,Product_8,Clothing,47,67,2025-06-24 16:38:42.919994
CUST097,France,Product_15,Toys,34,35,2025-05-10 16:38:42.919994
CUST088,Australia,Product_14,Home,16,68,2024-04-01 16:38:42.919994
CUST037,Australia,Product_14,Home,48,82,2025-08-07 16:38:42.919994
CUST074,Japan,Product_1,Home,21,19,2023-11-29 16:38:42.919994
CUST019,France,Product_18,Clothing,1,47,2023-09-05 16:38:42.919994
CUST020,Germany,Product_10,Home,2,67,2024-04-30 16:38:42.919994
CUST012,France,Product_5,Electronics,38,94,2024-12-31 16:38:42.919994
CUST053,France,Product_3,Toys,22,24,2023-12-30 16:38:42.919994
CUST074,Australia,Product_14,Home,32,81,2025-04-21 16:38:42.920991
CUST081,Australia,Product_9,Toys,2,25,2024-08-20 16:38:42.920991
CUST073,Australia,Product_11,Clothing,4,26,2024-05-29 16:38:42.920991
CUST029,Canada,Product_2,Home,37,75,2025-03-21 16:38:42.920991
CUST085,UK,Product_4,Electronics,38,34,2025-07-28 16:38:42.920991
CUST037,USA,Product_6,Clothing,12,87,2023-11-24 16:38:42.920991
CUST086,Canada,Product_6,Home,40,98,2024-11-19 16:38:42.920991
CUST053,Japan,Product_10,Electronics,17,26,2024-04-25 16:38:42.920991
CUST062,UK,Product_14,Toys,2,54,2024-08-16 16:38:42.921518
CUST065,Germany,Product_4,Home,26,29,2025-03-18 16:38:42.921518
CUST011,Brazil,Product_11,Toys,36,59,2024-12-30 16:38:42.921518
CUST054,UK,Product_15,Toys,22,69,2024-10-06 16:38:42.921518
CUST033,UK,Product_4,Home,20,83,2024-12-13 16:38:42.921518
CUST081,Australia,Product_13,Home,34,73,2025-03-13 16:38:42.921518
CUST066,Canada,Product_9,Electronics,40,17,2023-11-12 16:38:42.921518
CUST089,Canada,Product_11,Toys,42,25,2025-07-06 16:38:42.921518
CUST035,Germany,Product_18,Electronics,44,44,2024-06-05 16:38:42.921518
CUST094,Australia,Product_2,Toys,19,44,2025-07-28 16:38:42.921518
CUST074,USA,Product_17,Home,12,62,2023-12-31 16:38:42.921518
CUST088,Germany,Product_8,Home,21,81,2023-08-18 16:38:42.921518
CUST080,Australia,Product_8,Electronics,18,89,2024-11-19 16:38:42.921518
CUST015,Germany,Product_9,Electronics,26,47,2024-10-30 16:38:42.921518
CUST010,Brazil,Product_7,Electronics,23,26,2025-05-20 16:38:42.921518
CUST007,Australia,Product_15,Electronics,7,9,2023-09-26 16:38:42.922541
CUST072,UK,Product_18,Home,30,39,2024-07-08 16:38:42.922541
CUST059,UK,Product_7,Electronics,14,31,2025-03-15 16:38:42.922541
CUST099,France,Product_13,Clothing,3,37,2025-02-24 16:38:42.922541
CUST040,UK,Product_12,Home,15,4,2024-08-30 16:38:42.922541
CUST086,USA,Product_13,Clothing,33,16,2024-04-08 16:38:42.922541
CUST042,France,Product_2,Home,35,42,2024-02-15 16:38:42.922541
CUST030,Germany,Product_13,Electronics,18,32,2023-12-15 16:38:42.922541
CUST099,Germany,Product_7,Clothing,29,62,2024-04-24 16:38:42.922541
CUST062,Canada,Product_12,Electronics,16,56,2024-12-18 16:38:42.922541
CUST010,Australia,Product_7,Toys,5,65,2023-09-25 16:38:42.922541
CUST003,Canada,Product_14,Toys,30,68,2025-03-21 16:38:42.922541
CUST062,Canada,Product_16,Electronics,46,79,2024-01-07 16:38:42.922541
CUST015,USA,Product_4,Toys,37,61,2024-07-30 16:38:42.922541
CUST070,Japan,Product_14,Toys,11,62,2024-12-31 16:38:42.922541
CUST025,Japan,Product_20,Toys,8,20,2024-01-17 16:38:42.922541
CUST054,Canada,Product_19,Electronics,46,74,2025-04-29 16:38:42.923536
CUST098,USA,Product_9,Electronics,3,6,2024-03-15 16:38:42.923536
CUST005,Australia,Product_15,Home,49,9,2025-05-07 16:38:42.923536
CUST020,UK,Product_17,Electronics,42,35,2023-09-24 16:38:42.923536
CUST082,Australia,Product_17,Toys,3,32,2025-04-16 16:38:42.923536
CUST089,USA,Product_4,Clothing,37,98,2024-11-20 16:38:42.923536
CUST056,Germany,Product_9,Home,25,98,2024-09-16 16:38:42.923536
CUST042,USA,Product_15,Toys,25,5,2024-07-15 16:38:42.923536
CUST059,UK,Product_15,Clothing,8,5,2025-02-19 16:38:42.923536
CUST090,UK,Product_6,Electronics,48,77,2023-12-30 16:38:42.923536
CUST040,Canada,Product_19,Clothing,3,56,2025-07-05 16:38:42.923536
CUST098,Brazil,Product_13,Electronics,33,6,2025-01-10 16:38:42.923536
CUST019,Brazil,Product_8,Toys,33,59,2024-01-21 16:38:42.923536
CUST048,USA,Product_13,Home,45,89,2023-09-21 16:38:42.923536
CUST042,France,Product_6,Toys,7,5,2024-02-04 16:38:42.924520
CUST058,USA,Product_19,Home,23,42,2024-07-16 16:38:42.924520
CUST032,Germany,Product_7,Home,18,100,2024-11-29 16:38:42.924520
CUST078,Canada,Product_12,Home,2,96,2024-03-07 16:38:42.924520
CUST046,Germany,Product_17,Electronics,17,95,2023-09-14 16:38:42.924520
CUST064,Brazil,Product_13,Home,48,70,2024-05-04 16:38:42.924520
CUST030,Japan,Product_10,Electronics,32,98,2024-06-28 16:38:42.924520
CUST060,Japan,Product_5,Electronics,22,68,2024-04-17 16:38:42.924520
CUST068,Germany,Product_17,Toys,22,17,2023-09-09 16:38:42.924520
CUST022,UK,Product_18,Clothing,14,64,2023-09-27 16:38:42.924520
CUST029,France,Product_4,Home,35,52,2024-07-29 16:38:42.924520
CUST076,Japan,Product_11,Electronics,6,79,2024-05-12 16:38:42.924520
CUST058,Japan,Product_2,Clothing,34,29,2024-03-16 16:38:42.924520
CUST081,Germany,Product_13,Electronics,39,15,2025-03-10 16:38:42.924520
CUST075,France,Product_2,Home,14,84,2025-07-23 16:38:42.925527
CUST075,Germany,Product_3,Electronics,44,56,2023-12-19 16:38:42.925527
CUST093,Canada,Product_15,Toys,37,59,2025-05-22 16:38:42.925527
CUST006,Germany,Product_5,Home,1,58,2024-03-05 16:38:42.925527
CUST034,Canada,Product_3,Toys,49,25,2024-03-08 16:38:42.925527
CUST018,Japan,Product_12,Toys,27,72,2025-06-15 16:38:42.925527
CUST046,USA,Product_17,Electronics,8,79,2025-07-18 16:38:42.925527
CUST046,UK,Product_20,Home,3,93,2023-09-21 16:38:42.925527
CUST024,France,Product_3,Toys,46,15,2025-03-14 16:38:42.925527
CUST094,Australia,Product_7,Electronics,44,84,2024-03-11 16:38:42.925527
CUST038,Brazil,Product_2,Toys,8,11,2025-06-11 16:38:42.925527
CUST077,USA,Product_8,Electronics,18,94,2024-09-28 16:38:42.925527
CUST082,Australia,Product_15,Home,38,32,2025-08-03 16:38:42.925527
CUST045,USA,Product_1,Toys,38,41,2024-07-18 16:38:42.925527
CUST011,Australia,Product_19,Toys,41,17,2024-01-04 16:38:42.926528
CUST046,Brazil,Product_15,Toys,22,92,2023-10-24 16:38:42.926528
CUST033,UK,Product_8,Toys,50,97,2025-08-12 16:38:42.926528
CUST097,USA,Product_9,Electronics,30,33,2024-01-03 16:38:42.926528
CUST026,Australia,Product_7,Clothing,38,90,2023-09-28 16:38:42.926528
CUST015,UK,Product_10,Home,44,49,2024-10-01 16:38:42.926528
CUST067,Germany,Product_6,Electronics,6,73,2024-08-20 16:38:42.926528
CUST095,Brazil,Product_9,Clothing,12,8,2023-09-24 16:38:42.926528
CUST092,Australia,Product_20,Clothing,47,7,2024-05-12 16:38:42.926528
CUST084,Brazil,Product_4,Clothing,22,26,2024-03-17 16:38:42.926528
CUST041,France,Product_10,Clothing,11,82,2025-08-02 16:38:42.926528
CUST087,France,Product_13,Electronics,45,19,2024-01-25 16:38:42.926528
CUST100,Canada,Product_8,Electronics,32,51,2023-12-29 16:38:42.926528
CUST070,UK,Product_19,Clothing,37,96,2024-10-06 16:38:42.926528
CUST059,Germany,Product_10,Home,35,61,2025-05-13 16:38:42.926528
CUST054,Japan,Product_15,Electronics,7,76,2023-08-20 16:38:42.927527
CUST031,UK,Product_20,Electronics,4,92,2024-08-15 16:38:42.927527
CUST020,France,Product_18,Electronics,32,36,2024-12-07 16:38:42.927527
CUST098,Brazil,Product_4,Clothing,15,34,2024-10-23 16:38:42.927527
CUST042,Germany,Product_19,Clothing,12,3,2024-12-20 16:38:42.927527
CUST018,Brazil,Product_15,Electronics,35,26,2024-03-12 16:38:42.927527
CUST100,Brazil,Product_10,Toys,14,78,2025-08-12 16:38:42.927527
CUST037,Canada,Product_6,Electronics,41,62,2024-03-30 16:38:42.927527
CUST060,Canada,Product_15,Clothing,39,89,2025-05-22 16:38:42.927527
CUST002,Japan,Product_6,Electronics,25,28,2025-06-09 16:38:42.927527
CUST035,Canada,Product_5,Home,1,40,2024-05-11 16:38:42.927527
CUST056,France,Product_13,Home,47,31,2024-07-15 16:38:42.927527
CUST010,Germany,Product_14,Toys,10,93,2024-08-18 16:38:42.927527
CUST001,Canada,Product_20,Toys,43,76,2024-03-19 16:38:42.927527
CUST057,Brazil,Product_20,Toys,43,37,2023-09-27 16:38:42.927527
CUST076,Canada,Product_17,Electronics,44,56,2025-03-11 16:38:42.927527
CUST079,Australia,Product_12,Home,20,78,2023-11-11 16:38:42.928526
CUST073,Japan,Product_5,Toys,26,29,2025-08-13 16:38:42.928526
CUST035,Australia,Product_5,Electronics,5,33,2023-09-23 16:38:42.928526
CUST078,France,Product_10,Toys,50,88,2024-12-06 16:38:42.928526
CUST043,Australia,Product_2,Electronics,50,29,2025-02-10 16:38:42.928526
CUST039,Japan,Product_15,Home,50,23,2024-06-12 16:38:42.928526
CUST038,France,Product_13,Toys,16,50,2024-08-04 16:38:42.928526
CUST008,UK,Product_1,Home,8,29,2024-08-27 16:38:42.928526
CUST005,Japan,Product_15,Clothing,1,55,2025-04-17 16:38:42.928526
CUST090,Germany,Product_10,Clothing,50,82,2025-03-22 16:38:42.928526
CUST026,Brazil,Product_15,Toys,49,76,2024-09-03 16:38:42.928526
CUST046,France,Product_1,Electronics,19,31,2023-10-30 16:38:42.928526
CUST053,Brazil,Product_5,Electronics,26,62,2025-01-06 16:38:42.928526
CUST066,UK,Product_6,Home,9,33,2023-10-03 16:38:42.929526
CUST089,Brazil,Product_13,Electronics,13,31,2024-04-12 16:38:42.929526
CUST075,France,Product_2,Electronics,38,4,2023-12-09 16:38:42.929526
CUST019,Australia,Product_2,Clothing,13,23,2024-08-14 16:38:42.929526
CUST075,USA,Product_7,Electronics,21,15,2025-06-10 16:38:42.929526
CUST076,UK,Product_7,Home,21,19,2023-12-18 16:38:42.929526
CUST089,USA,Product_17,Toys,49,35,2025-05-04 16:38:42.929526
CUST090,Germany,Product_3,Toys,46,78,2025-08-11 16:38:42.929526
CUST085,UK,Product_8,Toys,2,70,2023-11-24 16:38:42.929526
CUST093,UK,Product_12,Electronics,34,48,2024-10-25 16:38:42.929526
CUST079,France,Product_4,Home,43,48,2024-09-05 16:38:42.929526
CUST070,Australia,Product_18,Toys,43,21,2024-07-03 16:38:42.929526
CUST080,Japan,Product_15,Electronics,36,75,2025-06-24 16:38:42.929526
CUST015,France,Product_13,Clothing,19,34,2024-09-14 16:38:42.929526
CUST068,Brazil,Product_20,Clothing,27,29,2025-03-11 16:38:42.929526
CUST035,Brazil,Product_16,Clothing,36,30,2023-10-26 16:38:42.929526
CUST002,USA,Product_13,Toys,26,89,2024-08-29 16:38:42.929526
CUST075,Japan,Product_12,Clothing,39,13,2025-03-08 16:38:42.929526
CUST071,Japan,Product_17,Clothing,42,56,2025-07-09 16:38:42.929526
CUST084,France,Product_7,Clothing,1,44,2024-08-03 16:38:42.929526
CUST045,UK,Product_15,Home,13,22,2025-04-18 16:38:42.929526
CUST021,Australia,Product_9,Clothing,9,15,2025-08-04 16:38:42.929526
CUST088,UK,Product_10,Toys,24,80,2025-06-26 16:38:42.929526
CUST026,Germany,Product_5,Toys,50,24,2024-03-01 16:38:42.931112
CUST100,France,Product_7,Clothing,25,18,2023-10-08 16:38:42.931112
CUST074,USA,Product_18,Electronics,47,49,2024-04-18 16:38:42.931112
CUST098,USA,Product_17,Clothing,48,37,2023-10-29 16:38:42.931112
CUST035,France,Product_7,Toys,11,10,2024-01-02 16:38:42.931112
CUST077,Canada,Product_2,Toys,35,7,2023-12-26 16:38:42.931112
CUST018,Germany,Product_10,Clothing,39,41,2024-05-12 16:38:42.931112
CUST024,France,Product_14,Home,4,90,2025-05-04 16:38:42.931112
CUST042,Brazil,Product_7,Electronics,46,36,2024-08-26 16:38:42.931112
CUST036,Germany,Product_9,Toys,33,70,2024-06-15 16:38:42.931112
CUST068,Canada,Product_17,Toys,2,60,2024-03-15 16:38:42.931112
CUST044,Germany,Product_8,Clothing,8,50,2025-06-08 16:38:42.931112
CUST044,Canada,Product_3,Clothing,6,2,2023-08-18 16:38:42.931112
CUST044,UK,Product_6,Electronics,35,98,2024-04-30 16:38:42.931112
CUST030,France,Product_8,Clothing,44,58,2024-02-13 16:38:42.931112
CUST069,Canada,Product_15,Electronics,16,62,2023-10-14 16:38:42.931112
CUST055,Brazil,Product_12,Electronics,16,12,2023-11-05 16:38:42.932122
CUST084,Germany,Product_16,Clothing,45,23,2024-08-31 16:38:42.932122
CUST005,France,Product_8,Toys,44,65,2023-11-20 16:38:42.932122
CUST030,Canada,Product_20,Clothing,22,82,2024-05-15 16:38:42.932122
CUST032,USA,Product_16,Toys,38,98,2024-03-23 16:38:42.932122
CUST014,France,Product_1,Home,50,66,2024-08-18 16:38:42.932122
CUST085,UK,Product_9,Electronics,11,67,2025-02-15 16:38:42.932122
CUST062,Japan,Product_4,Clothing,6,35,2024-07-04 16:38:42.932122
CUST043,Japan,Product_5,Toys,42,12,2024-12-18 16:38:42.932122
CUST049,UK,Product_6,Clothing,45,35,2025-03-09 16:38:42.932122
CUST088,UK,Product_14,Clothing,3,80,2025-08-07 16:38:42.932122
CUST052,Australia,Product_9,Home,21,35,2024-01-14 16:38:42.932122
CUST091,UK,Product_3,Clothing,14,20,2024-11-21 16:38:42.932122
CUST025,UK,Product_1,Toys,31,14,2025-04-26 16:38:42.932122
CUST080,Australia,Product_14,Electronics,3,99,2025-07-20 16:38:42.932122
CUST013,Canada,Product_2,Toys,21,98,2024-02-24 16:38:42.932122
CUST079,France,Product_13,Toys,12,32,2025-04-08 16:38:42.932122
CUST096,France,Product_13,Home,14,20,2023-10-26 16:38:42.932122
CUST093,France,Product_6,Toys,29,43,2024-12-03 16:38:42.932122
CUST002,France,Product_19,Home,5,83,2024-09-03 16:38:42.933199
CUST002,Australia,Product_11,Clothing,31,56,2024-05-08 16:38:42.933199
CUST073,Japan,Product_19,Electronics,35,21,2024-09-19 16:38:42.933199
CUST028,Australia,Product_14,Home,7,80,2024-07-10 16:38:42.933199
CUST097,France,Product_4,Home,40,17,2025-05-05 16:38:42.933199
CUST052,Canada,Product_20,Toys,38,50,2025-06-12 16:38:42.933199
CUST063,Australia,Product_3,Home,27,92,2024-03-06 16:38:42.933199
CUST071,Canada,Product_5,Clothing,2,62,2024-07-05 16:38:42.933199
CUST079,Canada,Product_10,Home,39,5,2025-06-10 16:38:42.933199
CUST013,Canada,Product_18,Electronics,21,53,2024-09-10 16:38:42.933199
CUST045,Brazil,Product_4,Electronics,35,60,2024-07-15 16:38:42.933199
CUST063,Canada,Product_20,Toys,26,68,2024-02-15 16:38:42.933199
CUST052,Brazil,Product_18,Toys,35,93,2024-06-04 16:38:42.933199
CUST029,Australia,Product_10,Electronics,42,13,2023-11-28 16:38:42.933199
CUST064,USA,Product_9,Electronics,1,2,2024-01-20 16:38:42.933199
CUST048,Canada,Product_1,Clothing,50,58,2024-12-25 16:38:42.933199
CUST021,France,Product_11,Home,34,8,2023-08-19 16:38:42.933199
CUST072,USA,Product_15,Electronics,23,88,2025-02-22 16:38:42.934214
CUST083,Canada,Product_12,Electronics,23,8,2025-01-26 16:38:42.934214
CUST087,Germany,Product_1,Electronics,24,99,2023-10-20 16:38:42.934214
CUST017,Canada,Product_20,Electronics,40,58,2024-08-13 16:38:42.934214
CUST100,Germany,Product_20,Home,19,7,2024-04-02 16:38:42.934214
CUST028,Germany,Product_11,Clothing,5,5,2024-08-29 16:38:42.934214
CUST096,Brazil,Product_10,Clothing,47,96,2024-08-11 16:38:42.934214
CUST092,USA,Product_8,Toys,40,25,2024-09-19 16:38:42.934214
CUST066,Japan,Product_18,Home,49,36,2024-07-28 16:38:42.934214
CUST068,Australia,Product_9,Electronics,25,62,2024-08-09 16:38:42.934214
CUST010,Canada,Product_4,Toys,27,2,2024-08-05 16:38:42.934214
CUST013,Canada,Product_16,Toys,32,98,2024-03-09 16:38:42.934214
CUST010,Japan,Product_17,Toys,18,55,2023-10-19 16:38:42.934214
CUST059,Australia,Product_18,Clothing,30,84,2023-08-20 16:38:42.934214
CUST044,Brazil,Product_19,Clothing,49,21,2025-04-14 16:38:42.934214
CUST032,Australia,Product_7,Electronics,12,47,2024-03-02 16:38:42.934214
CUST021,Canada,Product_8,Clothing,40,7,2023-10-21 16:38:42.934214
CUST096,Germany,Product_11,Electronics,22,92,2024-05-05 16:38:42.935223
CUST002,Canada,Product_15,Toys,27,50,2023-12-16 16:38:42.935223
CUST079,Germany,Product_12,Electronics,22,43,2024-06-19 16:38:42.935223
CUST061,USA,Product_3,Home,19,23,2024-06-27 16:38:42.935223
CUST030,Japan,Product_12,Home,25,8,2024-08-17 16:38:42.935223
CUST058,Brazil,Product_8,Electronics,44,5,2024-03-17 16:38:42.935223
CUST065,France,Product_8,Home,32,64,2024-04-10 16:38:42.935223
CUST089,UK,Product_14,Home,27,27,2025-06-09 16:38:42.935223
CUST041,Brazil,Product_13,Electronics,36,86,2024-12-23 16:38:42.935223
CUST090,UK,Product_12,Electronics,14,14,2023-11-20 16:38:42.935223
CUST034,Canada,Product_20,Home,16,95,2025-06-05 16:38:42.935223
CUST056,Germany,Product_5,Clothing,4,4,2025-07-25 16:38:42.935223
CUST010,Brazil,Product_3,Clothing,37,85,2024-07-05 16:38:42.935223
CUST074,Australia,Product_14,Toys,45,20,2024-11-14 16:38:42.935223
CUST071,France,Product_14,Home,24,80,2023-09-16 16:38:42.935223
CUST055,France,Product_4,Toys,24,34,2023-10-14 16:38:42.935223
CUST082,Germany,Product_19,Electronics,46,83,2024-07-04 16:38:42.935223
CUST024,Canada,Product_12,Clothing,38,31,2023-09-10 16:38:42.935223
CUST019,Brazil,Product_13,Toys,30,55,2025-04-23 16:38:42.936220
CUST055,USA,Product_18,Home,49,92,2024-10-15 16:38:42.936220
CUST075,USA,Product_13,Electronics,17,70,2024-11-27 16:38:42.936220
CUST020,Brazil,Product_15,Home,15,70,2024-02-02 16:38:42.936220
CUST078,France,Product_11,Home,9,90,2024-07-10 16:38:42.936220
CUST069,USA,Product_20,Electronics,10,50,2023-12-04 16:38:42.936220
CUST094,Australia,Product_13,Clothing,17,51,2024-06-14 16:38:42.936220
CUST035,Australia,Product_19,Electronics,29,64,2025-06-26 16:38:42.936220
CUST021,UK,Product_5,Toys,6,90,2024-11-27 16:38:42.936220
CUST039,UK,Product_3,Electronics,24,57,2023-12-11 16:38:42.936220
CUST070,USA,Product_14,Toys,44,60,2024-01-23 16:38:42.936220
CUST031,France,Product_4,Electronics,30,24,2023-12-05 16:38:42.936220
CUST030,Australia,Product_7,Home,28,14,2023-11-21 16:38:42.936220
CUST010,Brazil,Product_16,Clothing,31,89,2025-01-21 16:38:42.936220
CUST070,France,Product_9,Electronics,36,56,2023-12-04 16:38:42.936220
CUST084,UK,Product_11,Electronics,21,68,2023-09-24 16:38:42.936220
CUST033,Germany,Product_7,Clothing,15,82,2023-10-12 16:38:42.936220
CUST075,France,Product_15,Toys,7,21,2024-06-14 16:38:42.937210
CUST026,France,Product_14,Electronics,37,58,2025-07-24 16:38:42.937210
CUST082,Canada,Product_3,Home,26,37,2024-10-13 16:38:42.937442
CUST019,Germany,Product_12,Electronics,41,33,2025-02-17 16:38:42.937442
CUST068,Japan,Product_10,Electronics,7,86,2024-10-29 16:38:42.937442
CUST081,Brazil,Product_2,Toys,43,41,2024-06-17 16:38:42.937442
CUST086,USA,Product_17,Clothing,6,70,2023-12-13 16:38:42.937442
CUST065,UK,Product_5,Clothing,22,57,2025-06-09 16:38:42.937442
CUST074,UK,Product_16,Toys,39,86,2024-01-04 16:38:42.937442
CUST088,Japan,Product_8,Clothing,10,99,2023-09-10 16:38:42.937442
CUST063,USA,Product_7,Electronics,20,26,2024-07-27 16:38:42.937442
CUST068,Australia,Product_20,Clothing,15,85,2025-05-27 16:38:42.937442
CUST086,France,Product_14,Home,41,40,2025-06-17 16:38:42.937442
CUST028,UK,Product_17,Home,2,25,2024-12-03 16:38:42.937442
CUST003,Brazil,Product_12,Electronics,42,99,2023-10-05 16:38:42.937442
CUST052,Japan,Product_18,Home,19,69,2024-10-11 16:38:42.937442
CUST011,Brazil,Product_12,Clothing,8,24,2024-03-24 16:38:42.937442
CUST092,USA,Product_4,Electronics,21,72,2024-01-25 16:38:42.937442
CUST009,Japan,Product_15,Toys,46,82,2024-02-07 16:38:42.938448
CUST060,France,Product_6,Toys,2,7,2024-07-23 16:38:42.938448
CUST003,Germany,Product_18,Home,40,33,2025-01-06 16:38:42.938448
CUST001,Japan,Product_8,Electronics,32,48,2023-12-04 16:38:42.938448
CUST004,Australia,Product_6,Clothing,19,32,2023-11-04 16:38:42.938448
CUST012,Germany,Product_14,Home,16,1,2024-01-17 16:38:42.938448
CUST021,Australia,Product_13,Clothing,4,28,2025-05-04 16:38:42.938448
CUST095,Germany,Product_5,Electronics,3,97,2025-01-30 16:38:42.938448
CUST025,France,Product_2,Clothing,5,99,2023-09-13 16:38:42.938448
CUST092,Canada,Product_9,Toys,38,50,2023-11-07 16:38:42.938448
CUST083,France,Product_12,Electronics,11,66,2024-08-15 16:38:42.938448
CUST073,Canada,Product_2,Clothing,3,76,2024-04-25 16:38:42.938448
CUST030,UK,Product_16,Electronics,28,90,2025-02-05 16:38:42.938448
CUST033,Canada,Product_3,Toys,34,41,2024-10-11 16:38:42.938448
CUST047,UK,Product_11,Electronics,23,48,2023-10-22 16:38:42.938448
CUST017,Canada,Product_12,Home,30,15,2024-10-29 16:38:42.938448
CUST084,Canada,Product_16,Clothing,2,99,2024-12-09 16:38:42.938448
CUST028,Japan,Product_7,Clothing,9,20,2025-04-12 16:38:42.939445
CUST001,Brazil,Product_3,Toys,25,47,2025-03-24 16:38:42.939445
CUST063,Canada,Product_3,Electronics,46,14,2024-05-11 16:38:42.939445
CUST017,Japan,Product_9,Home,13,79,2025-01-16 16:38:42.939445
CUST097,Australia,Product_2,Toys,46,38,2025-03-25 16:38:42.939445
CUST100,Canada,Product_8,Clothing,35,19,2024-02-19 16:38:42.939445
CUST078,Germany,Product_20,Electronics,25,40,2024-11-17 16:38:42.939445
CUST026,Australia,Product_16,Electronics,19,51,2024-06-14 16:38:42.939445
CUST019,USA,Product_20,Electronics,7,78,2025-06-12 16:38:42.939445
CUST073,Germany,Product_19,Home,14,38,2024-06-03 16:38:42.939445
CUST061,France,Product_8,Electronics,30,9,2024-09-28 16:38:42.939445
CUST033,Brazil,Product_20,Electronics,14,75,2024-09-14 16:38:42.939445
CUST094,USA,Product_4,Home,4,92,2024-03-18 16:38:42.939445
CUST086,USA,Product_16,Electronics,49,48,2023-10-14 16:38:42.939445
CUST012,Germany,Product_11,Toys,46,50,2024-05-02 16:38:42.939445
CUST021,Canada,Product_16,Toys,37,67,2023-09-30 16:38:42.939445
CUST033,Canada,Product_9,Electronics,9,68,2025-07-10 16:38:42.939445
CUST081,UK,Product_1,Toys,45,87,2024-06-09 16:38:42.939445
CUST040,France,Product_12,Clothing,47,15,2023-10-25 16:38:42.939445
CUST026,France,Product_8,Electronics,38,20,2024-03-27 16:38:42.939445
CUST029,Germany,Product_4,Home,7,92,2024-02-21 16:38:42.939445
CUST004,Australia,Product_12,Electronics,3,86,2024-04-09 16:38:42.939445
CUST066,Brazil,Product_2,Home,41,1,2024-01-08 16:38:42.939445
CUST087,Australia,Product_6,Clothing,25,82,2024-01-19 16:38:42.939445
CUST012,Australia,Product_8,Home,42,65,2024-05-30 16:38:42.939445
CUST093,Canada,Product_17,Home,40,14,2024-10-27 16:38:42.939445
CUST048,Canada,Product_20,Toys,49,13,2023-09-13 16:38:42.940948
CUST049,Australia,Product_17,Clothing,8,43,2024-07-06 16:38:42.940948
CUST097,UK,Product_7,Electronics,49,64,2024-09-30 16:38:42.940948
CUST054,Australia,Product_9,Electronics,24,37,2024-02-08 16:38:42.940948
CUST017,Brazil,Product_19,Home,39,55,2025-07-04 16:38:42.940948
CUST039,Canada,Product_11,Clothing,19,11,2024-09-15 16:38:42.940948
CUST046,Canada,Product_1,Toys,44,19,2024-09-16 16:38:42.940948
CUST072,Brazil,Product_13,Toys,48,33,2024-10-17 16:38:42.940948
CUST090,Japan,Product_5,Toys,25,91,2025-02-21 16:38:42.940948
CUST087,Australia,Product_13,Home,23,49,2023-09-27 16:38:42.940948
CUST084,UK,Product_18,Clothing,4,94,2023-10-11 16:38:42.940948
CUST036,UK,Product_5,Home,47,28,2025-05-22 16:38:42.940948
CUST097,France,Product_19,Home,41,39,2025-05-01 16:38:42.940948
CUST074,UK,Product_19,Home,13,10,2025-01-16 16:38:42.942279
CUST051,Australia,Product_9,Electronics,39,28,2025-05-22 16:38:42.942279
CUST070,Germany,Product_2,Electronics,38,3,2024-08-29 16:38:42.942279
CUST040,UK,Product_17,Electronics,12,35,2024-12-22 16:38:42.942279
CUST065,Japan,Product_13,Home,26,85,2024-01-18 16:38:42.942279
CUST049,Japan,Product_6,Toys,21,54,2025-04-29 16:38:42.942279
CUST018,France,Product_3,Electronics,9,53,2023-11-19 16:38:42.942279
CUST030,France,Product_12,Clothing,32,67,2025-01-31 16:38:42.942279
CUST028,France,Product_15,Electronics,23,75,2024-02-01 16:38:42.942279
CUST032,UK,Product_4,Toys,33,24,2023-10-05 16:38:42.943273
CUST034,Brazil,Product_5,Home,4,37,2024-01-24 16:38:42.943273
CUST065,USA,Product_15,Toys,19,29,2025-01-24 16:38:42.943273
CUST060,UK,Product_3,Home,47,95,2024-04-26 16:38:42.943273
CUST011,USA,Product_17,Clothing,5,8,2023-09-26 16:38:42.943273
CUST056,France,Product_6,Electronics,31,4,2023-11-28 16:38:42.943273
CUST050,Canada,Product_3,Home,45,4,2023-10-18 16:38:42.943273
CUST027,Australia,Product_11,Toys,27,51,2024-11-25 16:38:42.943273
CUST059,Canada,Product_15,Electronics,30,42,2024-04-16 16:38:42.943273
CUST037,UK,Product_5,Home,23,6,2023-09-06 16:38:42.944274
CUST018,France,Product_9,Electronics,29,77,2025-06-16 16:38:42.944274
CUST047,Australia,Product_20,Electronics,45,96,2024-11-09 16:38:42.944274
CUST068,Canada,Product_5,Electronics,49,13,2023-10-10 16:38:42.944274
CUST086,Canada,Product_19,Home,42,98,2024-06-24 16:38:42.944274
CUST051,UK,Product_17,Electronics,46,21,2024-10-18 16:38:42.944274
CUST011,Japan,Product_4,Home,1,92,2024-11-07 16:38:42.944274
CUST099,Canada,Product_15,Clothing,11,100,2024-06-05 16:38:42.944274
CUST017,Germany,Product_18,Toys,22,24,2025-03-02 16:38:42.944274
CUST085,Brazil,Product_5,Electronics,37,36,2023-10-25 16:38:42.945275
CUST064,Germany,Product_2,Home,45,47,2025-03-27 16:38:42.945275
CUST021,Australia,Product_11,Home,28,5,2025-02-11 16:38:42.945275
CUST020,USA,Product_14,Clothing,12,70,2024-03-03 16:38:42.945275
CUST019,UK,Product_16,Toys,44,52,2024-01-10 16:38:42.945275
CUST055,UK,Product_4,Clothing,11,33,2025-01-10 16:38:42.945275
CUST023,Japan,Product_11,Toys,50,81,2023-09-23 16:38:42.945275
CUST053,Australia,Product_18,Toys,47,4,2024-08-14 16:38:42.946187
CUST035,Brazil,Product_9,Toys,45,81,2024-09-11 16:38:42.946187
CUST097,Brazil,Product_8,Home,38,67,2024-05-28 16:38:42.946187
CUST069,Canada,Product_15,Clothing,31,80,2025-04-22 16:38:42.946187
CUST096,Australia,Product_11,Home,10,42,2024-09-28 16:38:42.946187
CUST021,Brazil,Product_12,Clothing,41,24,2024-02-14 16:38:42.946187
CUST056,Australia,Product_15,Home,19,8,2025-04-23 16:38:42.946187
CUST071,Australia,Product_7,Home,1,36,2025-07-20 16:38:42.946187
CUST037,USA,Product_15,Electronics,13,8,2025-02-07 16:38:42.946187
CUST073,Japan,Product_1,Toys,35,66,2023-09-11 16:38:42.946187
CUST023,USA,Product_2,Clothing,14,4,2024-06-26 16:38:42.946187
CUST095,Australia,Product_11,Home,8,3,2025-02-07 16:38:42.946187
CUST077,Canada,Product_2,Electronics,19,16,2025-06-09 16:38:42.946187
CUST040,USA,Product_2,Clothing,16,60,2024-09-26 16:38:42.946187
CUST066,UK,Product_13,Toys,47,31,2024-03-24 16:38:42.947186
CUST034,Japan,Product_3,Toys,23,78,2023-11-21 16:38:42.947186
CUST055,Germany,Product_7,Electronics,39,65,2024-12-24 16:38:42.947186
CUST030,Canada,Product_13,Electronics,19,53,2024-10-05 16:38:42.947186
CUST025,Australia,Product_17,Home,23,32,2024-05-25 16:38:42.947186
CUST074,UK,Product_4,Toys,20,32,2025-07-31 16:38:42.947186
CUST050,France,Product_14,Toys,24,79,2025-07-23 16:38:42.947186
CUST030,Japan,Product_4,Electronics,23,8,2024-05-05 16:38:42.947186
CUST012,Japan,Product_14,Clothing,18,98,2023-11-14 16:38:42.947186
CUST075,USA,Product_12,Electronics,15,57,2024-12-16 16:38:42.947186
CUST093,UK,Product_18,Toys,22,38,2025-01-17 16:38:42.947186
CUST087,Brazil,Product_18,Toys,41,6,2024-09-23 16:38:42.947186
CUST044,USA,Product_11,Electronics,1,19,2025-03-30 16:38:42.947186
CUST027,UK,Product_12,Toys,36,82,2025-03-26 16:38:42.947186
CUST083,USA,Product_6,Toys,12,51,2024-06-19 16:38:42.948184
CUST017,UK,Product_1,Toys,27,89,2023-11-21 16:38:42.948184
CUST055,UK,Product_15,Home,21,21,2024-12-22 16:38:42.948184
CUST013,Canada,Product_1,Toys,44,11,2024-05-19 16:38:42.948184
CUST047,USA,Product_9,Electronics,20,83,2023-08-22 16:38:42.948184
CUST012,Canada,Product_10,Electronics,37,48,2024-02-21 16:38:42.948184
CUST041,Germany,Product_15,Toys,18,78,2024-12-30 16:38:42.948184
CUST071,USA,Product_13,Clothing,37,13,2025-05-06 16:38:42.948184
CUST031,UK,Product_16,Electronics,9,38,2024-05-12 16:38:42.948184
CUST054,Brazil,Product_1,Toys,45,87,2025-02-22 16:38:42.948184
CUST034,USA,Product_8,Home,36,18,2025-08-11 16:38:42.948184
CUST028,Australia,Product_12,Toys,21,28,2024-04-13 16:38:42.948184
CUST054,Australia,Product_1,Toys,21,99,2024-03-07 16:38:42.948184
CUST057,USA,Product_10,Electronics,44,47,2025-06-22 16:38:42.948184
CUST074,Australia,Product_13,Electronics,38,24,2024-07-12 16:38:42.948184
CUST010,Germany,Product_3,Home,38,17,2025-02-13 16:38:42.948184
CUST024,Canada,Product_11,Electronics,36,60,2024-12-27 16:38:42.949236
CUST065,France,Product_16,Home,17,92,2023-09-16 16:38:42.949236
CUST076,Germany,Product_10,Home,47,94,2023-10-10 16:38:42.949236
CUST037,Australia,Product_7,Toys,32,25,2025-07-12 16:38:42.949236
CUST055,UK,Product_7,Toys,12,16,2023-08-25 16:38:42.949236
CUST043,Canada,Product_4,Electronics,7,100,2023-11-30 16:38:42.949236
CUST051,USA,Product_11,Toys,33,87,2023-08-16 16:38:42.949236
CUST072,Canada,Product_4,Toys,3,29,2024-04-12 16:38:42.949236
CUST029,UK,Product_2,Toys,13,79,2025-04-12 16:38:42.949236
CUST087,France,Product_4,Clothing,40,9,2023-11-22 16:38:42.949236
CUST005,Brazil,Product_20,Clothing,11,15,2024-02-21 16:38:42.949236
CUST022,USA,Product_17,Home,26,71,2024-08-17 16:38:42.949236
CUST057,UK,Product_10,Home,45,83,2024-11-20 16:38:42.949236
CUST077,Canada,Product_8,Toys,4,95,2024-06-28 16:38:42.949236
CUST075,Germany,Product_1,Electronics,47,52,2025-05-04 16:38:42.949236
CUST088,Australia,Product_15,Home,41,46,2024-12-15 16:38:42.949236
CUST026,USA,Product_18,Electronics,20,52,2024-08-18 16:38:42.949236
CUST075,Brazil,Product_1,Clothing,38,27,2025-07-30 16:38:42.949236
CUST096,Canada,Product_14,Electronics,6,38,2024-01-18 16:38:42.950278
CUST086,Australia,Product_18,Clothing,10,46,2025-01-03 16:38:42.950278
CUST094,Germany,Product_6,Electronics,8,44,2024-04-08 16:38:42.950278
CUST033,USA,Product_16,Home,13,50,2024-03-09 16:38:42.950278
CUST095,France,Product_12,Clothing,41,16,2024-01-12 16:38:42.950278
CUST099,France,Product_16,Toys,26,62,2024-09-16 16:38:42.950278
CUST011,Canada,Product_18,Home,23,55,2025-03-13 16:38:42.950278
CUST006,France,Product_12,Home,29,59,2025-04-11 16:38:42.950278
CUST098,USA,Product_11,Home,16,66,2024-12-10 16:38:42.950278
CUST008,Canada,Product_10,Toys,30,96,2024-04-06 16:38:42.950278
CUST094,USA,Product_11,Home,17,59,2023-12-27 16:38:42.950278
CUST088,UK,Product_12,Electronics,37,74,2024-02-13 16:38:42.950278
CUST092,Brazil,Product_10,Home,43,85,2023-08-17 16:38:42.950278
CUST042,France,Product_8,Clothing,8,48,2023-12-20 16:38:42.950278
CUST022,Canada,Product_3,Toys,13,45,2025-08-04 16:38:42.950278
CUST100,USA,Product_2,Home,1,32,2023-12-22 16:38:42.950278
CUST093,Japan,Product_17,Home,20,20,2023-11-24 16:38:42.950278
CUST094,Germany,Product_3,Electronics,39,91,2023-08-27 16:38:42.951290
CUST017,UK,Product_13,Toys,29,84,2023-09-21 16:38:42.951290
CUST091,UK,Product_4,Electronics,50,1,2025-06-17 16:38:42.951290
CUST026,Canada,Product_20,Toys,23,10,2024-10-03 16:38:42.951290
CUST075,USA,Product_9,Electronics,1,17,2024-11-09 16:38:42.951290
CUST098,Brazil,Product_13,Electronics,29,68,2023-09-05 16:38:42.951290
CUST011,Brazil,Product_19,Electronics,35,76,2024-11-05 16:38:42.951290
CUST019,Canada,Product_7,Home,7,26,2024-02-09 16:38:42.951290
CUST005,Canada,Product_14,Toys,23,84,2024-07-11 16:38:42.951290
CUST093,Brazil,Product_9,Toys,19,46,2024-04-07 16:38:42.951290
CUST091,France,Product_15,Home,37,1,2023-09-07 16:38:42.951875
CUST024,Germany,Product_8,Home,36,98,2024-02-25 16:38:42.951875
CUST024,UK,Product_4,Home,34,57,2024-06-07 16:38:42.951875
CUST087,Canada,Product_20,Home,45,69,2024-12-03 16:38:42.951875
CUST053,Australia,Product_9,Electronics,6,57,2023-11-03 16:38:42.951875
CUST040,Japan,Product_7,Clothing,21,61,2025-01-14 16:38:42.951875
CUST003,Brazil,Product_19,Clothing,47,68,2025-07-07 16:38:42.951875
CUST036,Japan,Product_9,Electronics,13,87,2024-10-12 16:38:42.951875
CUST030,Australia,Product_5,Electronics,48,27,2025-01-20 16:38:42.951875
CUST057,Australia,Product_16,Home,47,100,2024-02-10 16:38:42.951875
CUST016,Brazil,Product_8,Electronics,16,59,2025-01-24 16:38:42.951875
CUST032,Germany,Product_2,Home,9,81,2023-11-02 16:38:42.951875
CUST096,UK,Product_17,Toys,48,52,2025-04-25 16:38:42.951875
CUST025,Germany,Product_5,Clothing,49,65,2025-02-04 16:38:42.951875
CUST089,Germany,Product_4,Electronics,41,88,2025-02-01 16:38:42.951875
CUST015,Brazil,Product_7,Home,6,1,2024-07-03 16:38:42.951875
CUST039,Canada,Product_17,Clothing,41,93,2025-06-02 16:38:42.951875
CUST013,Australia,Product_6,Toys,3,81,2024-01-17 16:38:42.951875
CUST049,France,Product_16,Home,45,55,2025-02-03 16:38:42.952956
CUST065,USA,Product_3,Clothing,15,100,2024-02-17 16:38:42.952956
CUST096,Brazil,Product_4,Clothing,49,83,2025-07-02 16:38:42.952956
CUST035,Brazil,Product_14,Clothing,33,14,2023-10-10 16:38:42.952956
CUST061,Japan,Product_4,Toys,29,83,2025-02-27 16:38:42.952956
CUST083,Canada,Product_1,Electronics,27,80,2024-07-20 16:38:42.952956
CUST013,Brazil,Product_3,Home,12,80,2024-02-06 16:38:42.952956
CUST074,USA,Product_20,Home,4,44,2025-03-16 16:38:42.952956
CUST002,Brazil,Product_19,Electronics,37,72,2024-03-13 16:38:42.952956
CUST078,Brazil,Product_3,Clothing,16,83,2025-02-16 16:38:42.952956
CUST082,France,Product_16,Toys,33,12,2025-04-10 16:38:42.952956
CUST053,Germany,Product_5,Home,12,17,2025-05-09 16:38:42.952956
CUST005,USA,Product_14,Electronics,33,62,2025-06-25 16:38:42.952956
CUST019,Australia,Product_5,Home,2,94,2024-02-02 16:38:42.952956
CUST039,France,Product_1,Electronics,20,54,2024-07-19 16:38:42.952956
CUST079,Japan,Product_14,Home,19,54,2024-04-24 16:38:42.952956
CUST020,Canada,Product_18,Home,10,57,2024-07-18 16:38:42.952956
CUST090,Australia,Product_10,Electronics,2,6,2024-01-22 16:38:42.952956
CUST069,France,Product_9,Electronics,18,90,2024-05-03 16:38:42.953972
CUST041,USA,Product_17,Toys,7,3,2025-05-08 16:38:42.953972
CUST089,Germany,Product_16,Clothing,24,74,2025-03-01 16:38:42.953972
CUST022,UK,Product_11,Home,39,91,2023-10-15 16:38:42.953972
CUST020,Germany,Product_9,Clothing,20,19,2023-12-27 16:38:42.953972
CUST099,Japan,Product_2,Clothing,34,22,2025-04-02 16:38:42.953972
CUST079,Germany,Product_10,Electronics,33,96,2024-02-01 16:38:42.953972
CUST070,USA,Product_4,Home,2,29,2024-05-19 16:38:42.953972
CUST065,Germany,Product_10,Electronics,15,59,2023-10-22 16:38:42.953972
CUST051,Brazil,Product_4,Clothing,30,25,2024-11-03 16:38:42.953972
CUST065,USA,Product_13,Toys,7,49,2025-03-30 16:38:42.953972
CUST036,Germany,Product_1,Clothing,36,73,2024-12-20 16:38:42.953972
CUST046,UK,Product_6,Toys,38,17,2024-08-09 16:38:42.953972
CUST027,Australia,Product_18,Home,21,25,2024-08-12 16:38:42.953972
CUST015,France,Product_9,Home,26,19,2024-12-09 16:38:42.953972
CUST092,USA,Product_11,Electronics,41,42,2025-01-14 16:38:42.953972
CUST040,Japan,Product_17,Electronics,23,96,2024-06-04 16:38:42.953972
CUST047,Brazil,Product_1,Electronics,46,69,2024-10-19 16:38:42.954970
CUST048,UK,Product_8,Home,50,67,2024-10-04 16:38:42.954970
CUST033,Germany,Product_16,Clothing,30,48,2024-03-29 16:38:42.954970
CUST010,UK,Product_6,Home,19,36,2024-05-28 16:38:42.954970
CUST063,Canada,Product_14,Home,10,65,2023-12-20 16:38:42.954970
CUST008,Germany,Product_14,Clothing,17,73,2024-03-23 16:38:42.954970
CUST006,Germany,Product_7,Electronics,28,97,2023-09-20 16:38:42.954970
CUST037,USA,Product_18,Toys,21,2,2024-05-26 16:38:42.954970
CUST058,Germany,Product_6,Clothing,40,36,2023-11-27 16:38:42.954970
CUST037,Japan,Product_18,Clothing,22,11,2023-09-16 16:38:42.954970
CUST057,Canada,Product_4,Clothing,7,61,2025-05-18 16:38:42.954970
CUST068,France,Product_15,Electronics,3,78,2025-04-15 16:38:42.954970
CUST001,Australia,Product_6,Electronics,48,29,2023-11-08 16:38:42.954970
CUST074,France,Product_18,Home,3,47,2023-12-27 16:38:42.954970
CUST083,Germany,Product_4,Electronics,1,68,2025-03-27 16:38:42.954970
CUST060,Germany,Product_10,Home,25,21,2025-06-14 16:38:42.954970
CUST063,UK,Product_20,Toys,25,55,2024-02-17 16:38:42.954970
CUST055,Brazil,Product_5,Toys,46,49,2024-08-17 16:38:42.955959
CUST058,Japan,Product_16,Electronics,49,85,2025-03-30 16:38:42.955959
CUST006,Germany,Product_13,Home,39,22,2024-06-15 16:38:42.955959
CUST005,UK,Product_17,Toys,23,80,2024-06-26 16:38:42.955959
CUST057,Japan,Product_9,Electronics,47,37,2023-12-24 16:38:42.955959
CUST013,Brazil,Product_14,Toys,47,23,2025-06-30 16:38:42.955959
CUST017,Japan,Product_8,Electronics,2,6,2023-12-03 16:38:42.955959
CUST018,Australia,Product_1,Clothing,17,32,2024-04-02 16:38:42.955959
CUST078,UK,Product_10,Home,36,34,2023-09-01 16:38:42.955959
CUST028,Germany,Product_14,Home,47,19,2025-04-18 16:38:42.955959
CUST015,Australia,Product_8,Home,9,47,2024-10-29 16:38:42.955959
CUST062,USA,Product_19,Home,10,40,2025-02-20 16:38:42.955959
CUST065,Canada,Product_18,Clothing,13,1,2025-05-13 16:38:42.955959
CUST048,Japan,Product_13,Toys,49,64,2024-10-01 16:38:42.955959
CUST029,Japan,Product_17,Home,13,69,2024-10-13 16:38:42.955959
CUST067,Japan,Product_17,Home,1,62,2024-03-03 16:38:42.955959
CUST043,USA,Product_3,Home,29,32,2024-07-30 16:38:42.955959
CUST016,USA,Product_9,Toys,1,93,2024-03-27 16:38:42.956962
CUST086,Brazil,Product_9,Home,44,51,2023-11-23 16:38:42.956962
CUST071,Australia,Product_19,Home,2,41,2024-06-11 16:38:42.956962
CUST015,Germany,Product_11,Electronics,46,30,2025-06-18 16:38:42.956962
CUST018,Germany,Product_16,Clothing,32,8,2024-02-27 16:38:42.956962
CUST006,France,Product_15,Electronics,40,36,2024-09-13 16:38:42.956962
CUST092,France,Product_17,Electronics,18,66,2024-09-15 16:38:42.956962
CUST045,Australia,Product_15,Toys,29,93,2024-09-25 16:38:42.956962
CUST083,Germany,Product_14,Toys,40,59,2024-01-18 16:38:42.956962
CUST004,Germany,Product_20,Home,31,96,2024-06-26 16:38:42.956962
CUST002,Australia,Product_17,Electronics,28,31,2025-04-12 16:38:42.956962
CUST098,Canada,Product_15,Toys,25,36,2025-03-31 16:38:42.956962
CUST073,UK,Product_5,Toys,45,62,2024-04-21 16:38:42.956962
CUST058,France,Product_17,Home,37,83,2023-09-10 16:38:42.956962
CUST044,Canada,Product_7,Toys,9,92,2024-05-29 16:38:42.956962
CUST017,Brazil,Product_3,Electronics,26,36,2024-04-11 16:38:42.956962
CUST086,Australia,Product_10,Toys,42,61,2024-11-18 16:38:42.956962
CUST011,Australia,Product_16,Toys,40,59,2025-07-05 16:38:42.956962
CUST059,UK,Product_12,Clothing,44,11,2025-01-19 16:38:42.957978
CUST080,USA,Product_2,Clothing,12,90,2023-10-26 16:38:42.957978
CUST062,Brazil,Product_17,Toys,38,67,2023-10-06 16:38:42.957978
CUST067,Australia,Product_1,Clothing,45,96,2025-03-11 16:38:42.957978
CUST021,UK,Product_14,Electronics,27,100,2024-01-06 16:38:42.957978
CUST053,Japan,Product_15,Toys,32,23,2024-09-08 16:38:42.957978
CUST084,France,Product_1,Toys,8,1,2023-10-07 16:38:42.957978
CUST063,Australia,Product_6,Electronics,21,96,2023-10-09 16:38:42.958876
CUST079,Canada,Product_14,Clothing,48,6,2025-01-09 16:38:42.958876
CUST056,Australia,Product_8,Home,29,71,2025-05-02 16:38:42.958876
CUST077,Australia,Product_18,Clothing,8,75,2025-02-13 16:38:42.958876
CUST038,Brazil,Product_20,Toys,43,61,2025-05-15 16:38:42.958876
CUST096,Canada,Product_10,Home,45,91,2023-10-09 16:38:42.958876
CUST095,Japan,Product_16,Electronics,13,35,2024-05-12 16:38:42.958876
CUST059,Canada,Product_19,Clothing,11,30,2024-03-24 16:38:42.958876
CUST048,Canada,Product_3,Clothing,38,31,2024-05-09 16:38:42.958876
CUST024,UK,Product_17,Toys,36,32,2023-09-19 16:38:42.958876
CUST079,Brazil,Product_11,Clothing,35,3,2025-01-18 16:38:42.959991
CUST069,Canada,Product_10,Home,25,68,2024-01-19 16:38:42.959991
CUST029,Japan,Product_19,Home,2,74,2024-01-19 16:38:42.959991
CUST043,USA,Product_20,Toys,19,87,2023-11-02 16:38:42.959991
CUST098,Japan,Product_5,Home,5,51,2023-10-23 16:38:42.959991
CUST012,UK,Product_4,Clothing,49,42,2024-05-03 16:38:42.959991
CUST038,USA,Product_14,Home,32,11,2025-02-06 16:38:42.959991
CUST018,Germany,Product_18,Toys,23,75,2024-11-10 16:38:42.959991
CUST044,Canada,Product_9,Home,25,54,2024-05-13 16:38:42.960912
CUST022,Germany,Product_1,Toys,7,4,2025-02-02 16:38:42.960912
CUST015,Brazil,Product_12,Clothing,22,47,2023-08-24 16:38:42.960912
CUST093,Australia,Product_14,Clothing,20,50,2025-04-24 16:38:42.960912
CUST033,Japan,Product_11,Home,12,40,2025-04-18 16:38:42.960912
CUST020,Australia,Product_6,Home,28,56,2025-05-16 16:38:42.960912
CUST094,Canada,Product_13,Clothing,37,49,2024-06-02 16:38:42.961501
CUST026,Germany,Product_8,Toys,40,43,2025-03-17 16:38:42.961501
CUST020,Brazil,Product_8,Clothing,30,81,2023-11-13 16:38:42.961501
CUST084,France,Product_16,Clothing,43,7,2025-06-30 16:38:42.961501
CUST059,Japan,Product_16,Home,23,88,2024-12-01 16:38:42.961501
CUST073,Germany,Product_19,Toys,37,81,2025-01-03 16:38:42.961501
CUST057,Brazil,Product_15,Home,30,20,2024-07-30 16:38:42.961501
CUST053,Japan,Product_12,Electronics,17,64,2024-08-29 16:38:42.961501
CUST029,Germany,Product_14,Home,34,50,2025-06-04 16:38:42.961501
CUST058,UK,Product_20,Clothing,38,88,2024-01-28 16:38:42.961501
CUST015,Canada,Product_20,Home,37,40,2024-01-08 16:38:42.961501
CUST040,France,Product_8,Home,46,64,2025-05-13 16:38:42.961501
CUST094,Brazil,Product_10,Home,28,49,2024-06-20 16:38:42.961501
CUST013,Brazil,Product_4,Electronics,26,86,2024-03-16 16:38:42.961501
CUST095,UK,Product_6,Home,24,87,2023-11-11 16:38:42.962585
CUST031,Japan,Product_11,Toys,46,96,2025-02-05 16:38:42.962585
CUST069,Brazil,Product_6,Clothing,40,24,2024-08-24 16:38:42.962585
CUST044,Brazil,Product_17,Electronics,31,95,2024-04-11 16:38:42.962585
CUST057,Japan,Product_10,Electronics,34,9,2025-05-17 16:38:42.962585
CUST048,UK,Product_19,Toys,40,17,2024-07-11 16:38:42.962585
CUST015,Japan,Product_7,Electronics,17,32,2024-07-17 16:38:42.962585
CUST040,France,Product_18,Electronics,16,73,2024-05-24 16:38:42.962585
CUST076,France,Product_6,Home,7,99,2025-06-27 16:38:42.962585
CUST018,Brazil,Product_7,Toys,25,96,2024-04-13 16:38:42.962585
CUST013,Canada,Product_17,Electronics,37,6,2024-01-03 16:38:42.962585
CUST060,UK,Product_14,Home,4,39,2025-06-03 16:38:42.962585
CUST025,Canada,Product_6,Home,38,92,2025-06-22 16:38:42.962585
CUST094,Germany,Product_3,Electronics,34,80,2024-07-04 16:38:42.962585
CUST096,Canada,Product_6,Toys,8,62,2025-02-10 16:38:42.962585
CUST006,Australia,Product_3,Clothing,3,59,2025-05-30 16:38:42.962585
CUST049,Germany,Product_5,Clothing,25,41,2024-10-31 16:38:42.962585
CUST085,UK,Product_20,Home,22,4,2024-03-07 16:38:42.963597
CUST045,Japan,Product_10,Clothing,49,20,2024-04-01 16:38:42.963597
CUST077,USA,Product_4,Electronics,1,15,2024-11-14 16:38:42.963597
CUST024,UK,Product_8,Clothing,27,23,2023-09-28 16:38:42.963597
CUST072,Brazil,Product_15,Home,13,39,2024-12-28 16:38:42.963597
CUST028,USA,Product_16,Home,2,82,2024-03-21 16:38:42.963597
CUST017,Australia,Product_7,Electronics,32,93,2024-12-19 16:38:42.963597
CUST094,UK,Product_13,Home,21,94,2023-10-23 16:38:42.963597
CUST055,USA,Product_8,Home,15,73,2025-02-15 16:38:42.963597
CUST074,France,Product_20,Clothing,33,57,2024-10-10 16:38:42.963597
CUST009,Australia,Product_15,Electronics,44,99,2025-05-08 16:38:42.963597
CUST080,USA,Product_15,Toys,33,78,2025-06-03 16:38:42.963597
CUST027,Australia,Product_12,Electronics,43,42,2023-09-12 16:38:42.963597
CUST011,Japan,Product_11,Home,17,97,2024-06-24 16:38:42.963597
CUST093,Canada,Product_8,Home,6,86,2023-12-09 16:38:42.963597
CUST037,Canada,Product_19,Clothing,8,49,2024-12-30 16:38:42.963597
CUST011,Brazil,Product_17,Electronics,2,63,2025-05-02 16:38:42.963597
CUST083,Japan,Product_17,Clothing,19,56,2025-07-17 16:38:42.963597
CUST066,Australia,Product_5,Home,4,86,2025-01-08 16:38:42.964605
CUST049,Germany,Product_4,Clothing,13,52,2024-01-22 16:38:42.964605
CUST032,USA,Product_9,Toys,46,83,2025-02-09 16:38:42.964605
CUST099,Australia,Product_8,Toys,28,1,2025-01-16 16:38:42.964605
CUST048,Brazil,Product_1,Home,12,72,2024-04-29 16:38:42.964605
CUST080,UK,Product_4,Clothing,44,27,2025-03-30 16:38:42.964605
CUST016,Brazil,Product_12,Home,24,14,2024-02-24 16:38:42.964605
CUST034,Germany,Product_10,Electronics,26,20,2024-08-19 16:38:42.964605
CUST010,Germany,Product_3,Toys,5,67,2024-11-04 16:38:42.964605
CUST080,USA,Product_15,Home,12,53,2024-02-05 16:38:42.964605
CUST026,Japan,Product_2,Home,31,50,2025-03-27 16:38:42.964605
CUST087,France,Product_16,Home,48,1,2024-12-11 16:38:42.964605
CUST089,UK,Product_3,Clothing,21,89,2024-06-07 16:38:42.964605
CUST086,Canada,Product_1,Toys,38,15,2024-12-07 16:38:42.964605
CUST052,Japan,Product_14,Electronics,21,88,2025-06-05 16:38:42.964605
CUST047,Japan,Product_4,Home,18,21,2023-08-19 16:38:42.964605
CUST023,Brazil,Product_3,Toys,50,10,2024-09-03 16:38:42.964605
CUST052,USA,Product_8,Home,11,61,2025-02-03 16:38:42.965605
CUST005,UK,Product_13,Electronics,37,56,2024-05-28 16:38:42.965605
CUST093,Canada,Product_9,Home,48,2,2024-05-22 16:38:42.965605
CUST060,Germany,Product_11,Toys,44,76,2023-12-21 16:38:42.965605
CUST077,Germany,Product_8,Home,28,94,2024-05-14 16:38:42.965605
CUST095,UK,Product_15,Clothing,31,52,2024-01-04 16:38:42.965605
CUST001,Japan,Product_8,Electronics,47,1,2025-02-04 16:38:42.965605
CUST054,UK,Product_15,Electronics,22,38,2023-12-12 16:38:42.965605
CUST080,Brazil,Product_15,Electronics,17,90,2023-10-31 16:38:42.965605
CUST017,Australia,Product_17,Toys,14,45,2025-03-04 16:38:42.965605
CUST014,Japan,Product_8,Electronics,15,54,2024-03-23 16:38:42.965605
CUST027,Canada,Product_17,Home,35,60,2025-08-08 16:38:42.965605
CUST069,Australia,Product_17,Home,25,34,2025-07-19 16:38:42.965605
CUST047,Canada,Product_20,Clothing,6,59,2024-05-23 16:38:42.965605
CUST018,France,Product_17,Electronics,14,78,2025-08-01 16:38:42.965605
CUST007,Brazil,Product_12,Home,15,19,2024-01-17 16:38:42.965605
CUST035,USA,Product_3,Home,20,100,2023-10-09 16:38:42.965605
CUST032,UK,Product_16,Toys,40,24,2024-10-01 16:38:42.966597
CUST017,Japan,Product_11,Clothing,1,99,2025-03-03 16:38:42.966597
CUST013,Australia,Product_14,Electronics,48,79,2025-02-08 16:38:42.966597
CUST080,France,Product_16,Clothing,4,45,2024-11-03 16:38:42.966597
CUST096,Canada,Product_2,Home,3,8,2025-02-24 16:38:42.966597
CUST031,USA,Product_7,Electronics,2,8,2024-01-09 16:38:42.966597
CUST057,Brazil,Product_3,Clothing,10,18,2025-01-29 16:38:42.966597
CUST093,Japan,Product_2,Home,45,23,2024-05-18 16:38:42.966597
CUST094,Australia,Product_14,Toys,4,93,2025-08-08 16:38:42.966597
CUST032,UK,Product_18,Home,40,96,2024-05-14 16:38:42.966597
CUST074,France,Product_6,Toys,3,11,2024-07-09 16:38:42.966597
CUST096,France,Product_4,Electronics,41,83,2024-06-24 16:38:42.966597
CUST086,Brazil,Product_6,Home,22,65,2025-03-17 16:38:42.966597
CUST011,Canada,Product_10,Home,9,60,2025-05-30 16:38:42.966597
CUST087,Australia,Product_1,Clothing,49,73,2023-08-31 16:38:42.966597
CUST083,Canada,Product_15,Electronics,47,87,2025-07-15 16:38:42.966597
CUST025,France,Product_2,Electronics,48,25,2024-01-06 16:38:42.966597
CUST078,UK,Product_14,Clothing,30,41,2025-07-20 16:38:42.966597
CUST078,Germany,Product_20,Toys,34,10,2025-05-07 16:38:42.967607
CUST075,Germany,Product_13,Home,17,64,2024-01-16 16:38:42.967607
CUST002,France,Product_10,Clothing,11,16,2024-12-16 16:38:42.967607
CUST018,Germany,Product_16,Clothing,44,47,2024-12-18 16:38:42.967607
CUST048,UK,Product_12,Toys,13,4,2023-11-11 16:38:42.967607
CUST090,Germany,Product_15,Home,8,7,2023-09-11 16:38:42.967607
CUST046,Japan,Product_8,Toys,12,13,2024-02-06 16:38:42.967607
CUST017,Japan,Product_17,Toys,36,85,2024-03-12 16:38:42.967607
CUST069,UK,Product_16,Toys,28,93,2025-02-20 16:38:42.967607
CUST076,Canada,Product_16,Clothing,10,71,2025-02-15 16:38:42.967607
CUST037,Canada,Product_3,Home,36,47,2024-06-04 16:38:42.967607
CUST019,Canada,Product_10,Electronics,37,27,2024-10-07 16:38:42.967607
CUST029,France,Product_6,Home,36,2,2025-01-02 16:38:42.967607
CUST016,UK,Product_5,Clothing,36,30,2025-06-30 16:38:42.967607
CUST019,Japan,Product_2,Electronics,43,62,2025-01-05 16:38:42.967607
CUST100,Australia,Product_20,Toys,47,36,2024-02-11 16:38:42.967607
CUST070,France,Product_15,Home,20,9,2024-10-30 16:38:42.967607
CUST004,UK,Product_18,Electronics,20,87,2023-11-15 16:38:42.968596
CUST075,Canada,Product_4,Electronics,44,34,2024-01-03 16:38:42.968596
CUST042,USA,Product_10,Home,7,68,2025-03-20 16:38:42.968596
CUST094,Japan,Product_3,Electronics,21,61,2024-06-25 16:38:42.968596
CUST083,Japan,Product_2,Home,10,2,2025-02-01 16:38:42.968596
CUST060,Brazil,Product_17,Toys,16,16,2024-10-16 16:38:42.968596
CUST039,Canada,Product_11,Toys,1,11,2024-09-07 16:38:42.968596
CUST004,Japan,Product_15,Clothing,12,95,2023-08-24 16:38:42.968596
CUST097,Germany,Product_1,Home,28,53,2023-12-05 16:38:42.968596
CUST071,UK,Product_10,Toys,4,19,2024-06-30 16:38:42.968596
CUST075,Brazil,Product_18,Home,11,67,2025-08-02 16:38:42.968596
CUST067,UK,Product_17,Clothing,2,49,2023-10-28 16:38:42.968596
CUST002,France,Product_20,Clothing,28,25,2025-05-10 16:38:42.968596
CUST010,France,Product_10,Toys,33,77,2024-08-18 16:38:42.968596
CUST042,Japan,Product_5,Clothing,16,22,2025-02-10 16:38:42.968596
CUST084,UK,Product_11,Home,41,80,2025-03-05 16:38:42.968596
CUST032,UK,Product_2,Toys,40,73,2024-01-04 16:38:42.968596
CUST090,USA,Product_10,Toys,34,48,2025-07-06 16:38:42.969607
CUST060,UK,Product_1,Home,36,24,2024-07-24 16:38:42.969607
CUST031,USA,Product_14,Clothing,29,15,2024-03-08 16:38:42.969607
CUST028,France,Product_7,Toys,21,10,2023-12-01 16:38:42.969607
CUST078,Canada,Product_18,Toys,14,34,2025-04-08 16:38:42.969607
CUST058,France,Product_6,Toys,45,36,2025-07-23 16:38:42.969607
CUST078,Japan,Product_16,Electronics,36,56,2023-08-16 16:38:42.969607
CUST096,USA,Product_13,Toys,20,18,2024-10-24 16:38:42.969607
CUST067,Japan,Product_13,Home,16,59,2024-05-19 16:38:42.969607
CUST021,Brazil,Product_19,Clothing,39,95,2023-08-27 16:38:42.969607
CUST070,France,Product_16,Electronics,45,87,2025-03-25 16:38:42.969607
CUST061,Japan,Product_14,Toys,15,44,2024-07-09 16:38:42.969607
CUST041,Australia,Product_15,Toys,34,5,2025-04-27 16:38:42.969607
CUST027,France,Product_8,Toys,14,79,2025-07-02 16:38:42.969607
CUST097,Canada,Product_3,Electronics,28,83,2025-04-26 16:38:42.969607
CUST054,Australia,Product_8,Electronics,20,35,2023-11-08 16:38:42.969607
CUST073,Canada,Product_6,Home,25,95,2024-03-24 16:38:42.969607
CUST091,USA,Product_8,Home,1,84,2023-12-15 16:38:42.969607
CUST075,Japan,Product_15,Clothing,24,75,2025-06-21 16:38:42.969607
CUST090,Brazil,Product_3,Toys,46,67,2025-02-02 16:38:42.969607
CUST058,Canada,Product_15,Electronics,17,66,2024-09-22 16:38:42.969607
CUST008,Canada,Product_16,Home,33,3,2025-02-07 16:38:42.969607
CUST035,Canada,Product_12,Toys,20,20,2025-06-02 16:38:42.969607
CUST039,France,Product_19,Clothing,19,91,2023-09-29 16:38:42.969607
CUST043,Canada,Product_13,Toys,22,92,2025-06-23 16:38:42.969607
CUST053,Canada,Product_11,Home,8,72,2023-11-26 16:38:42.971113
CUST026,Japan,Product_11,Electronics,28,9,2025-07-25 16:38:42.971113
CUST056,Germany,Product_16,Home,12,79,2024-06-01 16:38:42.971113
CUST078,Germany,Product_10,Home,11,38,2023-12-13 16:38:42.971113
CUST043,Germany,Product_6,Clothing,38,42,2025-01-06 16:38:42.971113
CUST065,Germany,Product_8,Toys,47,7,2024-11-20 16:38:42.971113
CUST061,France,Product_12,Clothing,38,12,2024-01-29 16:38:42.971113
CUST037,Australia,Product_16,Electronics,13,89,2024-07-29 16:38:42.971113
CUST054,USA,Product_20,Clothing,4,75,2024-04-21 16:38:42.971113
CUST049,Japan,Product_14,Clothing,11,92,2024-06-02 16:38:42.971113
CUST087,Canada,Product_18,Toys,43,57,2024-02-23 16:38:42.971113
CUST025,Australia,Product_19,Electronics,36,14,2024-09-14 16:38:42.971113
CUST035,Australia,Product_17,Home,16,30,2024-04-01 16:38:42.971113
CUST093,Canada,Product_15,Clothing,25,51,2024-08-21 16:38:42.971113
CUST047,Canada,Product_20,Clothing,38,64,2025-05-19 16:38:42.971113
CUST089,UK,Product_7,Clothing,17,82,2025-02-26 16:38:42.971113
CUST074,UK,Product_7,Toys,50,91,2023-10-11 16:38:42.971113
CUST001,France,Product_2,Toys,17,4,2024-06-13 16:38:42.971113
CUST090,France,Product_1,Home,30,50,2024-05-14 16:38:42.972218
CUST061,Germany,Product_8,Electronics,24,83,2024-10-26 16:38:42.972218
CUST050,France,Product_11,Home,32,78,2024-08-02 16:38:42.972218
CUST018,France,Product_16,Home,47,59,2025-07-14 16:38:42.972218
CUST004,Canada,Product_17,Home,48,46,2025-07-06 16:38:42.972218
CUST004,Australia,Product_11,Clothing,44,12,2025-01-04 16:38:42.972218
CUST036,UK,Product_7,Electronics,1,58,2023-12-24 16:38:42.972218
CUST090,Canada,Product_6,Clothing,44,72,2023-10-20 16:38:42.972218
CUST086,Germany,Product_5,Clothing,31,30,2025-07-12 16:38:42.972218
CUST074,Canada,Product_12,Clothing,30,27,2024-06-17 16:38:42.972218
CUST009,Australia,Product_12,Home,29,33,2023-09-12 16:38:42.972218
CUST015,UK,Product_20,Home,44,54,2024-11-13 16:38:42.972218
CUST003,Japan,Product_11,Clothing,44,38,2024-06-19 16:38:42.972218
CUST058,USA,Product_12,Home,31,11,2024-01-12 16:38:42.972218
CUST082,France,Product_17,Clothing,29,88,2025-07-23 16:38:42.972218
CUST066,France,Product_6,Clothing,25,57,2025-05-21 16:38:42.972218
CUST055,Germany,Product_16,Home,14,39,2024-06-28 16:38:42.972218
CUST096,France,Product_19,Home,49,9,2024-06-11 16:38:42.973198
CUST022,Brazil,Product_5,Home,5,42,2025-06-22 16:38:42.973198
CUST096,Germany,Product_10,Home,39,15,2025-04-13 16:38:42.973198
CUST003,Germany,Product_10,Toys,29,79,2025-07-10 16:38:42.973198
CUST006,France,Product_15,Clothing,13,93,2025-03-20 16:38:42.973198
CUST067,Brazil,Product_8,Home,20,47,2023-09-23 16:38:42.973198
CUST085,Germany,Product_13,Toys,23,16,2024-09-15 16:38:42.973198
CUST067,Brazil,Product_9,Toys,14,77,2024-09-21 16:38:42.973198
CUST015,Japan,Product_6,Clothing,41,22,2024-07-02 16:38:42.973198
CUST044,USA,Product_10,Home,16,72,2024-08-10 16:38:42.973198
CUST089,UK,Product_12,Electronics,17,60,2023-10-18 16:38:42.973198
CUST078,USA,Product_4,Electronics,23,43,2025-04-02 16:38:42.974119
CUST069,Germany,Product_18,Clothing,13,43,2023-10-26 16:38:42.974119
CUST059,France,Product_19,Toys,27,32,2025-04-25 16:38:42.974119
CUST009,Brazil,Product_20,Toys,33,68,2024-12-08 16:38:42.974119
